{
    "TrailEffects": [
        {
            "effectId": 0,
            "durationMs": 0,
            "gradient": {
                "serializedVersion": "2",
                "key0": {
                    "r": 0.2641509175300598,
                    "g": 0.18066926300525666,
                    "b": 0.18066926300525666,
                    "a": 0.5882353186607361
                },
                "key1": {
                    "r": 0.2641509175300598,
                    "g": 0.18066926300525666,
                    "b": 0.18066926300525666,
                    "a": 0.5882353186607361
                },
                "key2": {
                    "r": 0.0,
                    "g": 0.0,
                    "b": 0.0,
                    "a": 0.0
                },
                "key3": {
                    "r": 0.0,
                    "g": 0.0,
                    "b": 0.0,
                    "a": 0.0
                },
                "key4": {
                    "r": 0.0,
                    "g": 0.0,
                    "b": 0.0,
                    "a": 0.0
                },
                "key5": {
                    "r": 0.0,
                    "g": 0.0,
                    "b": 0.0,
                    "a": 0.0
                },
                "key6": {
                    "r": 0.0,
                    "g": 0.0,
                    "b": 0.0,
                    "a": 0.0
                },
                "key7": {
                    "r": 0.0,
                    "g": 0.0,
                    "b": 0.0,
                    "a": 0.0
                },
                "ctime0": 0,
                "ctime1": 65535,
                "ctime2": 0,
                "ctime3": 0,
                "ctime4": 0,
                "ctime5": 0,
                "ctime6": 0,
                "ctime7": 0,
                "atime0": 0,
                "atime1": 39321,
                "atime2": 65535,
                "atime3": 0,
                "atime4": 0,
                "atime5": 0,
                "atime6": 0,
                "atime7": 0,
                "m_Mode": 0,
                "m_NumColorKeys": 2,
                "m_NumAlphaKeys": 3
            }
        }
    ],
    "ParticleEffects": [
        {
            "effectId": 0,
            "durationMs": 100,
            "looping": false,
            "startColor": {
                "m_Mode": 0,
                "m_GradientMin": {
                    "serializedVersion": "2",
                    "key0": {
                        "r": 1.0,
                        "g": 1.0,
                        "b": 1.0,
                        "a": 1.0
                    },
                    "key1": {
                        "r": 1.0,
                        "g": 1.0,
                        "b": 1.0,
                        "a": 1.0
                    },
                    "key2": {
                        "r": 0.0,
                        "g": 0.0,
                        "b": 0.0,
                        "a": 0.0
                    },
                    "key3": {
                        "r": 0.0,
                        "g": 0.0,
                        "b": 0.0,
                        "a": 0.0
                    },
                    "key4": {
                        "r": 0.0,
                        "g": 0.0,
                        "b": 0.0,
                        "a": 0.0
                    },
                    "key5": {
                        "r": 0.0,
                        "g": 0.0,
                        "b": 0.0,
                        "a": 0.0
                    },
                    "key6": {
                        "r": 0.0,
                        "g": 0.0,
                        "b": 0.0,
                        "a": 0.0
                    },
                    "key7": {
                        "r": 0.0,
                        "g": 0.0,
                        "b": 0.0,
                        "a": 0.0
                    },
                    "ctime0": 0,
                    "ctime1": 65535,
                    "ctime2": 0,
                    "ctime3": 0,
                    "ctime4": 0,
                    "ctime5": 0,
                    "ctime6": 0,
                    "ctime7": 0,
                    "atime0": 0,
                    "atime1": 65535,
                    "atime2": 0,
                    "atime3": 0,
                    "atime4": 0,
                    "atime5": 0,
                    "atime6": 0,
                    "atime7": 0,
                    "m_Mode": 0,
                    "m_NumColorKeys": 2,
                    "m_NumAlphaKeys": 2
                },
                "m_GradientMax": {
                    "serializedVersion": "2",
                    "key0": {
                        "r": 1.0,
                        "g": 1.0,
                        "b": 1.0,
                        "a": 1.0
                    },
                    "key1": {
                        "r": 1.0,
                        "g": 1.0,
                        "b": 1.0,
                        "a": 1.0
                    },
                    "key2": {
                        "r": 0.0,
                        "g": 0.0,
                        "b": 0.0,
                        "a": 0.0
                    },
                    "key3": {
                        "r": 0.0,
                        "g": 0.0,
                        "b": 0.0,
                        "a": 0.0
                    },
                    "key4": {
                        "r": 0.0,
                        "g": 0.0,
                        "b": 0.0,
                        "a": 0.0
                    },
                    "key5": {
                        "r": 0.0,
                        "g": 0.0,
                        "b": 0.0,
                        "a": 0.0
                    },
                    "key6": {
                        "r": 0.0,
                        "g": 0.0,
                        "b": 0.0,
                        "a": 0.0
                    },
                    "key7": {
                        "r": 0.0,
                        "g": 0.0,
                        "b": 0.0,
                        "a": 0.0
                    },
                    "ctime0": 0,
                    "ctime1": 65535,
                    "ctime2": 0,
                    "ctime3": 0,
                    "ctime4": 0,
                    "ctime5": 0,
                    "ctime6": 0,
                    "ctime7": 0,
                    "atime0": 0,
                    "atime1": 65535,
                    "atime2": 0,
                    "atime3": 0,
                    "atime4": 0,
                    "atime5": 0,
                    "atime6": 0,
                    "atime7": 0,
                    "m_Mode": 0,
                    "m_NumColorKeys": 2,
                    "m_NumAlphaKeys": 2
                },
                "m_ColorMin": {
                    "r": 158.42588806152345,
                    "g": 0.0,
                    "b": 0.0,
                    "a": 0.0
                },
                "m_ColorMax": {
                    "r": 0.7641509771347046,
                    "g": 0.3787066638469696,
                    "b": 0.22708259522914887,
                    "a": 1.0
                }
            },
            "startLifetime": {
                "m_Mode": 0,
                "m_CurveMultiplier": 1.0,
                "m_CurveMin": {
                    "serializedVersion": "2",
                    "m_Curve": [],
                    "m_PreInfinity": 2,
                    "m_PostInfinity": 2,
                    "m_RotationOrder": 4
                },
                "m_CurveMax": {
                    "serializedVersion": "2",
                    "m_Curve": [],
                    "m_PreInfinity": 2,
                    "m_PostInfinity": 2,
                    "m_RotationOrder": 4
                },
                "m_ConstantMin": 0.0,